Enter your prompt,Select Model,Max New Tokens,Temperature,Top K,Generated Text,flag,username,timestamp
"to be or not to be 
",gpt2-small (124M),100,1.3,30,"to be or not to be 

(a) in the business of selling, leasing, or otherwise dealing in securities for the purpose of trading or for any other purpose;

(b) in the business of selling securities to a purchaser who is not a licensed broker-dealer;

(c) in the business of selling or otherwise dealing in securities for the purpose of selling or for any other purpose, including the sale of securities in which a person has been convicted of an offense under the laws of a State or",,,2024-10-12 19:35:38.939306
"to be or not to be 
",gpt2-small (124M),100,1.3,30,"to be or not to be 

(a) in the business of selling, leasing, or otherwise dealing in securities for the purpose of trading or for any other purpose;

(b) in the business of selling securities to a purchaser who is not a licensed broker-dealer;

(c) in the business of selling or otherwise dealing in securities for the purpose of selling or for any other purpose, including the sale of securities in which a person has been convicted of an offense under the laws of a State or",,,2024-10-12 19:35:42.273529
Made by Arduino system,gpt2-small (124M),100,0.7,50,,,,2024-10-13 12:59:27.131027
Made by Arduino system,gpt2-small (124M),100,0.7,50,,,,2024-10-13 12:59:29.997827
